Model,TIME,data1,sigma1,data2,sigma2
net1,0,0,.037,1,.084
,2,0.16575,.025,0.9275,.046
,4,0.43225,.033,0.7923,.038
,6,0.48175,.035,0.7778,.032
,8,0.46395,.0325,0.7053,.033
,10,0.4081,.0255,0.6522,.037
,12,0.37765,.0265,0.5894,.039
,14,0.384,.0255,0.5894,.04
,16,0.4208,.02,0.6377,.03
,18,0.384,.02,0.6425,.028
,20,0.4005,.024,0.6908,.03
,25,0.3916,.026,0.6908,.031
,30,0.4043,.027,0.7585,.032
,40,0.2444,.0275,0.8068,.04
,50,0.1391,.022,0.9275,.046
,60,0.12765,.0355,0.971,.082
